"","Agency","State","address","lon","at"
"1","Abilene","TX","Abilene , TX",-99.7331439,32.4487364
"29","Ada County","ID","Ada County , ID",-116.2420304,43.478767
"56","Aiken County","SC","Aiken County , SC",-81.6035062,33.6005783
"84","Akron City","OH","Akron City , OH",-81.5190053,41.0814447
"110","Alachua County","FL","Alachua County , FL",-82.3017728,29.6579549
"126","Alameda County","CA","Alameda County , CA",-121.7195459,37.6016892
"154","Albemarle County","VA","Albemarle County , VA",-78.6114999,38.0567092
"158","Albuquerque","NM","Albuquerque , NM",-106.6055534,35.0853336
"186","Alexandria","VA","Alexandria , VA",-77.0469214,38.8048355
"214","Allentown City","PA","Allentown City , PA",-75.4901833,40.6084305
"242","Amarillo","TX","Amarillo , TX",-101.8312969,35.2219971
"270","Amherst Town","NY","Amherst Town , NY",-78.7914222,42.9756133
"298","Anaheim","CA","Anaheim , CA",-117.9145036,33.8352932
"326","Anchorage","AK","Anchorage , AK",-149.9002778,61.2180556
"354","Anderson County","SC","Anderson County , SC",-82.6483442,34.5528328
"382","Ann Arbor","MI","Ann Arbor , MI",-83.7430378,42.2808256
"409","Anne Arundel County","MD","Anne Arundel County , MD",-76.5488232,38.9530109
"412","Antioch","CA","Antioch , CA",-121.805789,38.0049214
"440","Arlington","TX","Arlington , TX",-97.1080656,32.735687
"468","Arlington County","VA","Arlington County , VA",-77.0909809,38.8816208
"485","Arvada","CO","Arvada , CO",-105.0874842,39.8027644
"511","Athens-Clarke County","GA","Athens-Clarke County , GA",-83.357567,33.9519347
"517","Atlanta","GA","Atlanta , GA",-84.3879824,33.7489954
"545","Aurora","CO","Aurora , CO",-104.8319195,39.7294319
"571","Aurora","IL","Aurora , IL",-88.3200715,41.7605849
"576","Austin","TX","Austin , TX",-97.7430608,30.267153
"604","Bakersfield","CA","Bakersfield , CA",-119.0187125,35.3732921
"632","Baltimore City","MD","Baltimore City , MD",-76.6121893,39.2903848
"659","Baltimore County","MD","Baltimore County , MD",-76.7336521,39.4647665
"678","Baton Rouge","LA","Baton Rouge , LA",-91.1403196,30.4582829
"706","Beaufort County","SC","Beaufort County , SC",-80.7214417,32.2860396
"733","Beaumont","TX","Beaumont , TX",-94.1265562,30.080174
"761","Bellevue","WA","Bellevue , WA",-122.2006786,47.610377
"789","Berkeley","CA","Berkeley , CA",-122.272747,37.8715926
"817","Berkeley County","SC","Berkeley County , SC",-80.0087746,33.1260618
"844","Bernalillo County","NM","Bernalillo County , NM",-106.6291304,35.0177854
"862","Bexar County","TX","Bexar County , TX",-98.5721016,29.4200763
"890","Billings","MT","Billings , MT",-108.5006904,45.7832856
"914","Birmingham","AL","Birmingham , AL",-86.80249,33.5206608
"941","Boise","ID","Boise , ID",-116.2146068,43.6187102
"969","Boston","MA","Boston , MA",-71.0588801,42.3600825
"997","Boulder","CO","Boulder , CO",-105.2705456,40.0149856
"1025","Brazoria County","TX","Brazoria County , TX",-95.4777811,29.2131857
"1053","Brevard County","FL","Brevard County , FL",-80.7214417,28.263933
"1069","Bridgeport","CT","Bridgeport , CT",-73.1951767,41.1865478
"1097","Broken Arrow","OK","Broken Arrow , OK",-95.7974526,36.060949
"1125","Brownsville","TX","Brownsville , TX",-97.4974838,25.9017472
"1153","Buffalo","NY","Buffalo , NY",-78.8783689,42.8864468
"1181","Buncombe County","NC","Buncombe County , NC",-82.4752757,35.5931377
"1207","Burbank","CA","Burbank , CA",-118.3089661,34.1808392
"1235","Cambridge","MA","Cambridge , MA",-71.1097335,42.3736158
"1262","Cameron County","TX","Cameron County , TX",-97.5247243,26.1284971
"1289","Cape Coral","FL","Cape Coral , FL",-81.9495331,26.5628537
"1305","Carrollton","TX","Carrollton , TX",-96.8899636,32.9756415
"1333","Carslbad","CA","Carslbad , CA",-117.3505939,33.1580933
"1361","Cary","NC","Cary , NC",-78.7811169,35.79154
"1389","Cedar Rapids","IA","Cedar Rapids , IA",-91.6656232,41.9778795
"1410","Centennial","CO","Centennial , CO",-104.8771726,39.5807452
"1421","Chandler","AZ","Chandler , AZ",-111.8412502,33.3061605
"1449","Charles County","MD","Charles County , MD",-77.1024902,38.5221781
"1477","Charleston City","SC","Charleston City , SC",-79.9310512,32.7764749
"1504","Charlotte-Mecklenburg","NC","Charlotte-Mecklenburg , NC",-80.8431267,35.2270869
"1508","Charlotte County","FL","Charlotte County , FL",-81.909826,26.8946009
"1524","Chattanooga","TN","Chattanooga , TN",-85.3096801,35.0456297
"1552","Cherokee County","GA","Cherokee County , GA",-84.4802606,34.2514526
"1574","Chesapeake","VA","Chesapeake , VA",-76.2874927,36.7682088
"1600","Chesterfield County","VA","Chesterfield County , VA",-77.6077865,37.3673217
"1604","Chula Vista","CA","Chula Vista , CA",-117.0841955,32.6400541
"1632","Cincinnati","OH","Cincinnati , OH",-84.5120196,39.1031182
"1658","Citrus County","FL","Citrus County , FL",-82.5185837,28.8848842
"1674","Clackamas County","OR","Clackamas County , OR",-122.1188945,45.2023855
"1702","Clark County","WA","Clark County , WA",-122.5194378,45.7466471
"1730","Clarksville","TN","Clarksville , TN",-87.3594528,36.5297706
"1758","Clay County","FL","Clay County , FL",-81.7787021,29.9943564
"1774","Clayton County","GA","Clayton County , GA",-84.375233,33.5571944
"1792","Clearwater","FL","Clearwater , FL",-82.8001026,27.9658533
"1808","Cleveland","OH","Cleveland , OH",-81.6943605,41.49932
"1836","Cobb County","GA","Cobb County , GA",-84.564147,33.8999297
"1839","Collier County","FL","Collier County , FL",-81.4278984,26.069985
"1855","Colorado Springs","CO","Colorado Springs , CO",-104.8213634,38.8338816
"1883","Columbia","MO","Columbia , MO",-92.3340724,38.9517053
"1884","Columbia","SC","Columbia , SC",-81.0348144,34.0007104
"1938","Columbia County","GA","Columbia County , GA",-82.2583297,33.5098514
"1957","Columbus","GA","Columbus , GA",-84.9877094,32.4609764
"1958","Columbus","OH","Columbus , OH",-82.9987942,39.9611755
"2012","Concord","CA","Concord , CA",-122.0310733,37.9779776
"2040","Contra Costa County","CA","Contra Costa County , CA",-121.9017954,37.8534093
"2068","Cook County","IL","Cook County , IL",-87.697554,41.7376587
"2071","Coral Springs","FL","Coral Springs , FL",-80.2706044,26.271192
"2087","Corona","CA","Corona , CA",-117.5664384,33.8752935
"2115","Corpus Christi","TX","Corpus Christi , TX",-97.396381,27.8005828
"2143","Costa Mesa","CA","Costa Mesa , CA",-117.9186689,33.6411316
"2171","Dallas","TX","Dallas , TX",-96.7969879,32.7766642
"2199","Daly City","CA","Daly City , CA",-122.4702079,37.6879241
"2227","Davenport","IA","Davenport , IA",-90.5776367,41.5236437
"2254","Davidson County","NC","Davidson County , NC",-80.1875065,35.7748479
"2281","Dayton","OH","Dayton , OH",-84.1916069,39.7589478
"2309","Dekalb County Public Safety Department","GA","Dekalb County Public Safety Department , GA",-84.2972438,33.7685075
"2313","Denton","TX","Denton , TX",-97.1330683,33.2148412
"2341","Denver","CO","Denver , CO",-104.990251,39.7392358
"2369","Des Moines","IA","Des Moines , IA",-93.6091064,41.6005448
"2396","Detroit","MI","Detroit , MI",-83.0457538,42.331427
"2423","Douglas County","CO","Douglas County , CO",-104.9388853,39.2587106
"2424","Douglas County","NE","Douglas County , NE",-96.195132,41.3148116
"2477","Downey","CA","Downey , CA",-118.1331593,33.9401088
"2505","Durham","NC","Durham , NC",-78.898619,35.9940329
"2532","Dutchess County","NY","Dutchess County , NY",-73.7477857,41.7784372
"2560","East Baton Rouge Sheriff Dept","LA","East Baton Rouge Sheriff Dept , LA",-91.3846388,30.8243611
"2588","Edison Twp","NJ","Edison Twp , NJ",-74.4120953,40.5187154
"2616","El Cajon","CA","El Cajon , CA",-116.9625269,32.7947731
"2644","El Dorado County","CA","El Dorado County , CA",-120.4357631,38.7426376
"2672","El Monte","CA","El Monte , CA",-118.0275667,34.0686206
"2700","El Paso","TX","El Paso , TX",-106.4850217,31.7618778
"2728","El Paso County","CO","El Paso County , CO",-104.4723301,38.9108325
"2729","El Paso County","TX","El Paso County , TX",-106.2051484,31.8039824
"2782","Elgin","IL","Elgin , IL",-88.2825668,42.0354084
"2785","Elizabeth","NJ","Elizabeth , NJ",-74.2107006,40.6639916
"2813","Elkhart County","IN","Elkhart County , IN",-85.8486236,41.6062253
"2840","Erie","PA","Erie , PA",-80.085059,42.1292241
"2868","Erie County","NY","Erie County , NY",-78.8661589,42.9023958
"2891","Escambia County","FL","Escambia County , FL",-87.3413599,30.6389408
"2907","Escondido","CA","Escondido , CA",-117.086421,33.1192068
"2935","Eugene","OR","Eugene , OR",-123.0867536,44.0520691
"2963","Evansville","IN","Evansville , IN",-87.5710898,37.9715592
"2991","Everett","WA","Everett , WA",-122.2020794,47.9789848
"3017","Fairfax County","VA","Fairfax County , VA",-77.2405153,38.9085472
"3031","Fairfield","CA","Fairfield , CA",-122.0399663,38.2493581
"3059","Fargo","ND","Fargo , ND",-96.7898034,46.8771863
"3086","Fayetteville","NC","Fayetteville , NC",-78.8783585,35.0526641
"3114","Flint City","MI","Flint City , MI",-83.6874562,43.0125274
"3141","Fontana","CA","Fontana , CA",-117.435048,34.0922335
"3169","Forsyth County","GA","Forsyth County , GA",-84.1435136,34.2358502
"3195","Fort Bend County","TX","Fort Bend County , TX",-95.8142885,29.5692614
"3223","Fort Collins","CO","Fort Collins , CO",-105.084423,40.5852602
"3250","Fort Lauderdale","FL","Fort Lauderdale , FL",-80.1373174,26.1224386
"3266","Fort Wayne","IN","Fort Wayne , IN",-85.1393513,41.079273
"3293","Fort Worth","TX","Fort Worth , TX",-97.3307658,32.7554883
"3321","Frederick County","MD","Frederick County , MD",-77.4701972,39.3844507
"3349","Fremont","CA","Fremont , CA",-121.9885719,37.5482697
"3377","Fresno","CA","Fresno , CA",-119.7725868,36.7468422
"3405","Fresno County","CA","Fresno County , CA",-119.2320784,36.9858984
"3433","Frisco","TX","Frisco , TX",-96.8236116,33.1506744
"3457","Fullerton","CA","Fullerton , CA",-117.9242966,33.8703596
"3485","Gainesville","FL","Gainesville , FL",-82.3248262,29.6516344
"3501","Garden Grove","CA","Garden Grove , CA",-117.9414477,33.7739053
"3529","Garland","TX","Garland , TX",-96.6388833,32.912624
"3557","Gilbert","AZ","Gilbert , AZ",-111.789027,33.3528264
"3584","Glendale","AZ","Glendale , AZ",-112.1859866,33.5386523
"3585","Glendale","CA","Glendale , CA",-118.255075,34.1425078
"3640","Grand Prairie","TX","Grand Prairie , TX",-96.9977846,32.7459645
"3668","Grand Rapids","MI","Grand Rapids , MI",-85.6680863,42.9633599
"3695","Green Bay","WI","Green Bay , WI",-88.019826,44.519159
"3723","Greensboro","NC","Greensboro , NC",-79.7919754,36.0726354
"3750","Greenville County","SC","Greenville County , SC",-82.345189,34.9297484
"3778","Gresham","OR","Gresham , OR",-122.4302013,45.5001357
"3806","Guilford County","NC","Guilford County , NC",-79.8296743,36.0899873
"3833","Gwinnett County","GA","Gwinnett County , GA",-84.0167423,33.9190653
"3853","Hall County","GA","Hall County , GA",-83.804868,34.30778
"3878","Hamilton County","OH","Hamilton County , OH",-84.564147,39.2355447
"3879","Hamilton County","TN","Hamilton County , TN",-85.1479364,35.1618966
"3927","Hampton","VA","Hampton , VA",-76.3452218,37.0298687
"3955","Harford County","MD","Harford County , MD",-76.3637285,39.5838964
"3983","Harris County","TX","Harris County , TX",-95.3102505,29.7751825
"4010","Hartford","CT","Hartford , CT",-72.6850932,41.7637111
"4038","Hayward","CA","Hayward , CA",-122.0807964,37.6688205
"4066","Henderson","NV","Henderson , NV",-114.9817213,36.0395247
"4094","Henrico County","VA","Henrico County , VA",-77.3324425,37.5059332
"4101","Henry","GA","Henry , GA",-84.1435136,33.4347963
"4105","Hernando County","FL","Hernando County , FL",-82.4752757,28.5578826
"4121","Hialeah","FL","Hialeah , FL",-80.2781057,25.8575963
"4137","Hidalgo County","TX","Hidalgo County , TX",-98.2212979,26.4656319
"4165","High Point","NC","High Point , NC",-80.0053176,35.9556923
"4193","Hillsborough County","FL","Hillsborough County , FL",-82.3017728,27.9903597
"4209","Hollywood","FL","Hollywood , FL",-80.1494901,26.0112014
"4225","Honolulu","HI","Honolulu , HI",-157.8583333,21.3069444
"4250","Horry County","SC","Horry County , SC",-78.9288242,33.9196567
"4253","Houston","TX","Houston , TX",-95.3698028,29.7604267
"4281","Howard County","MD","Howard County , MD",-76.964306,39.2873463
"4300","Huntington Beach","CA","Huntington Beach , CA",-117.9992265,33.660297
"4328","Huntsville","AL","Huntsville , AL",-86.5861037,34.7303688
"4355","Independence","MO","Independence , MO",-94.4155068,39.0911161
"4383","Indianapolis","IN","Indianapolis , IN",-86.158068,39.768403
"4411","Inglewood","CA","Inglewood , CA",-118.3531311,33.9616801
"4439","Iredell County","NC","Iredell County , NC",-80.8986502,35.8310501
"4464","Irvine","CA","Irvine , CA",-117.7946942,33.6839473
"4492","Irving","TX","Irving , TX",-96.9488945,32.8140177
"4520","Jackson","MS","Jackson , MS",-90.1848103,32.2987573
"4548","Jacksonville","FL","Jacksonville , FL",-81.655651,30.3321838
"4575","Jefferson","LA","Jefferson , LA",-90.1531298,29.9660371
"4588","Jefferson County","AL","Jefferson County , AL",-86.9824288,33.4914122
"4589","Jefferson County","CO","Jefferson County , CO",-105.2662931,39.5800298
"4598","Jefferson County","MO","Jefferson County , MO",-90.5257823,38.2310301
"4667","Jersey City","NJ","Jersey City , NJ",-74.0776417,40.7281575
"4695","Johnston County","NC","Johnston County , NC",-78.3842227,35.4403514
"4722","Joliet","IL","Joliet , IL",-88.0817251,41.525031
"4725","Kansas City","KS","Kansas City , KS",-94.6274636,39.114053
"4726","Kansas City","MO","Kansas City , MO",-94.5785667,39.0997265
"4769","Kent","WA","Kent , WA",-122.2348431,47.3809335
"4797","Kent County","MI","Kent County , MI",-85.520024,43.0097027
"4824","Kern County","CA","Kern County , CA",-118.8596804,35.4937274
"4852","Killeen","TX","Killeen , TX",-97.7277959,31.1171194
"4880","King County","WA","King County , WA",-121.9836029,47.5480339
"4908","Kitsap County","WA","Kitsap County , WA",-122.6412583,47.6476607
"4936","Knox County","TN","Knox County , TN",-83.9419784,35.9874629
"4964","Knoxville","TN","Knoxville , TN",-83.9207392,35.9606384
"4992","Lafayette","LA","Lafayette , LA",-92.0198427,30.2240897
"5020","Lake County","FL","Lake County , FL",-81.7787021,28.702847
"5034","Lake County","IL","Lake County , IL",-87.8271534,42.3689363
"5039","Lakewood","CO","Lakewood , CO",-105.0813734,39.7047095
"5066","Lancaster","CA","Lancaster , CA",-118.1541632,34.6867846
"5094","Lansing City","MI","Lansing City , MI",-84.5555347,42.732535
"5121","Laredo","TX","Laredo , TX",-99.4803241,27.5305671
"5149","Las Vegas","NV","Las Vegas , NV",-115.1398296,36.1699412
"5162","Lee County","FL","Lee County , FL",-81.9534815,26.6630286
"5178","Lewisville","TX","Lewisville , TX",-96.994174,33.046233
"5205","Lexington-Fayette County","KY","Lexington-Fayette County , KY",-84.5037164,38.0405837
"5232","Lexington County","SC","Lexington County , SC",-81.2518833,33.9309651
"5259","Lincoln","NE","Lincoln , NE",-96.6851982,40.8257625
"5287","Little Rock","AR","Little Rock , AR",-92.2895948,34.7464809
"5315","Livingston","LA","Livingston , LA",-90.7478737,30.5021345
"5341","Livingston County","MI","Livingston County , MI",-83.8473015,42.6207951
"5366","Long Beach","CA","Long Beach , CA",-118.1937395,33.7700504
"5394","Los Angeles","CA","Los Angeles , CA",-118.2436849,34.0522342
"5422","Los Angeles County","CA","Los Angeles County , CA",-118.2436596,34.0522265
"5436","Loudoun County","VA","Loudoun County , VA",-77.6536125,39.076767
"5462","Louisville","KY","Louisville , KY",-85.7584557,38.2526647
"5488","Lowell","MA","Lowell , MA",-71.3161718,42.6334247
"5509","Lubbock","TX","Lubbock , TX",-101.8551665,33.5778631
"5537","Macomb County","MI","Macomb County , MI",-82.820974,42.7168759
"5563","Madison City","WI","Madison City , WI",-89.4012302,43.0730517
"5591","Madison County","AL","Madison County , AL",-86.4996546,34.7239731
"5619","Manatee County","FL","Manatee County , FL",-82.345189,27.4799195
"5635","Manchester","NH","Manchester , NH",-71.4547891,42.9956397
"5663","Maricopa County","AZ","Maricopa County , AZ",-112.4291464,33.2917968
"5690","Marion County","IN","Marion County , IN",-86.1751759,39.83619
"5702","Marion County","FL","Marion County , FL",-82.12784,29.2787765
"5719","Martin County","FL","Martin County , FL",-80.4103957,27.0804935
"5735","Maui","HI","Maui , HI",-156.3319253,20.7983626
"5754","Mcallen","TX","Mcallen , TX",-98.2300124,26.2034071
"5782","Mckinney","TX","Mckinney , TX",-96.6397822,33.1972465
"5810","Memphis","TN","Memphis , TN",-90.0489801,35.1495343
"5838","Mesa","AZ","Mesa , AZ",-111.8314724,33.4151843
"5866","Mesquite","TX","Mesquite , TX",-96.5991593,32.7667955
"5894","Metro-Dade","FL","Metro-Dade , FL",-80.1965122,25.7759558
"5910","Miami","FL","Miami , FL",-80.1917902,25.7616798
"5926","Midland","TX","Midland , TX",-102.0779146,31.9973456
"5953","Milwaukee","WI","Milwaukee , WI",-87.9064736,43.0389025
"5981","Minneapolis","MN","Minneapolis , MN",-93.2650108,44.977753
"6008","Miramar","FL","Miramar , FL",-80.3035602,25.9860762
"6024","Mobile","AL","Mobile , AL",-88.0398912,30.6953657
"6052","Mobile County","AL","Mobile County , AL",-88.2461183,30.6082227
"6076","Modesto","CA","Modesto , CA",-120.9968782,37.6390972
"6104","Monroe County","MI","Monroe County , MI",-83.5070203,41.9738893
"6105","Monroe County","NY","Monroe County , NY",-77.7452081,43.2841246
"6158","Monterey County","CA","Monterey County , CA",-121.3541631,36.3136201
"6186","Montgomery","AL","Montgomery , AL",-86.2999689,32.3668052
"6214","Montgomery County","MD","Montgomery County , MD",-77.2405153,39.1547426
"6215","Montgomery County","TX","Montgomery County , TX",-95.4777811,30.3213482
"6268","Moreno Valley","CA","Moreno Valley , CA",-117.2296717,33.9424658
"6291","Murfreesboro","TN","Murfreesboro , TN",-86.39027,35.8456213
"6315","Murrieta","CA","Murrieta , CA",-117.2139232,33.5539143
"6335","Naperville","IL","Naperville , IL",-88.1535352,41.7508391
"6338","Nashville-Davidson","TN","Nashville-Davidson , TN",-86.7816016,36.1626638
"6366","Nassau County Police Dep","NY","Nassau County Police Dep , NY",-74.0059413,40.7127837
"6390","New Castle County","DE","New Castle County , DE",-75.667356,39.5392979
"6401","New Haven","CT","New Haven , CT",-72.9278835,41.308274
"6426","New Orleans","LA","New Orleans , LA",-90.0715323,29.9510658
"6453","New York City","NY","New York City , NY",-74.0059413,40.7127837
"6481","Newark","NJ","Newark , NJ",-74.1723667,40.735657
"6509","Newport News","VA","Newport News , VA",-76.4730122,37.0870821
"6537","Norfolk","VA","Norfolk , VA",-76.2858726,36.8507689
"6564","Norman","OK","Norman , OK",-97.4394777,35.2225668
"6592","North Charleston","SC","North Charleston , SC",-79.9748103,32.8546197
"6619","North Las Vegas","NV","North Las Vegas , NV",-115.1175013,36.1988592
"6637","Norwalk","CA","Norwalk , CA",-118.081733,33.9022367
"6665","Oakland","CA","Oakland , CA",-122.2711137,37.8043637
"6692","Oakland County","MI","Oakland County , MI",-83.336188,42.5921924
"6719","Oceanside","CA","Oceanside , CA",-117.3794834,33.1958696
"6747","Odessa","TX","Odessa , TX",-102.3676431,31.8456816
"6775","Okaloosa County","FL","Okaloosa County , FL",-86.6611083,30.5773401
"6791","Oklahoma City","OK","Oklahoma City , OK",-97.5164276,35.4675602
"6819","Olathe","KS","Olathe , KS",-94.8191285,38.8813958
"6839","Omaha","NE","Omaha , NE",-95.9979883,41.2523634
"6866","Onondaga County","NY","Onondaga County , NY",-76.1783739,43.026819
"6891","Onslow County","NC","Onslow County , NC",-77.4701972,34.6540094
"6913","Ontario","CA","Ontario , CA",-117.6508876,34.0633443
"6941","Orange","CA","Orange , CA",-117.8531119,33.7877944
"6969","Orange County","CA","Orange County , CA",-117.8311428,33.7174708
"6982","Orange County","FL","Orange County , FL",-81.2518833,28.4844995
"7013","Orlando","FL","Orlando , FL",-81.3792365,28.5383355
"7029","Osceola County","FL","Osceola County , FL",-81.0754657,28.1019838
"7045","Ottawa County","MI","Ottawa County , MI",-86.0937312,42.953023
"7072","Overland Park","KS","Overland Park , KS",-94.6707917,38.9822282
"7090","Oxnard","CA","Oxnard , CA",-119.1770516,34.1975048
"7118","Palm Bay","FL","Palm Bay , FL",-80.5886646,28.0344621
"7134","Palm Beach County","FL","Palm Beach County , FL",-80.2767327,26.6514503
"7150","Palmdale","CA","Palmdale , CA",-118.1164613,34.5794343
"7178","Pasadena","CA","Pasadena , CA",-118.1445155,34.1477849
"7179","Pasadena","TX","Pasadena , TX",-95.2091006,29.6910625
"7234","Pasco County","FL","Pasco County , FL",-82.4319405,28.3232418
"7250","Paterson","NJ","Paterson , NJ",-74.171811,40.9167654
"7278","Paulding County","GA","Paulding County , GA",-84.8984775,33.9142037
"7302","Pembroke Pines","FL","Pembroke Pines , FL",-80.2962555,26.007765
"7318","Peoria","AZ","Peoria , AZ",-112.2373779,33.5805955
"7344","Peoria","IL","Peoria , IL",-89.5889864,40.6936488
"7349","Philadelphia","PA","Philadelphia , PA",-75.1652215,39.9525839
"7377","Phoenix","AZ","Phoenix , AZ",-112.0740373,33.4483771
"7405","Pierce County","WA","Pierce County , WA",-122.1295269,47.0675877
"7433","Pima County","AZ","Pima County , AZ",-111.6660725,32.057499
"7460","Pinal County","AZ","Pinal County , AZ",-111.2845025,32.8162061
"7483","Pinellas County","FL","Pinellas County , FL",-82.7778579,27.876394
"7499","Pittsburgh","PA","Pittsburgh , PA",-79.9958864,40.4406248
"7527","Placer County","CA","Placer County , CA",-120.8039474,39.0915751
"7555","Plano","TX","Plano , TX",-96.6988856,33.0198431
"7583","Polk County","FL","Polk County , FL",-81.6911559,27.8617347
"7599","Pomona","CA","Pomona , CA",-117.7499909,34.055103
"7627","Pompano Beach","FL","Pompano Beach , FL",-80.1247667,26.2378597
"7643","Port St Lucie","FL","Port St Lucie , FL",-80.3582261,27.2730492
"7659","Portland","OR","Portland , OR",-122.6764816,45.5230622
"7687","Prince Georges County","MD","Prince Georges County , MD",-76.8720961,38.7849211
"7691","Prince William County","VA","Prince William County , VA",-77.6077865,38.7838939
"7695","Providence","RI","Providence , RI",-71.4128343,41.8239891
"7722","Provo","UT","Provo , UT",-111.6585337,40.2338438
"7750","Pueblo","CO","Pueblo , CO",-104.6091409,38.2544472
"7777","Raleigh","NC","Raleigh , NC",-78.6381787,35.7795897
"7805","Rancho Cucamonga","CA","Rancho Cucamonga , CA",-117.5931084,34.1063989
"7833","Reno","NV","Reno , NV",-119.8138027,39.5296329
"7861","Rialto","CA","Rialto , CA",-117.3703235,34.1064001
"7889","Richardson","TX","Richardson , TX",-96.7298519,32.9483335
"7917","Richland County","SC","Richland County , SC",-80.9428911,34.0412165
"7945","Richmond","CA","Richmond , CA",-122.3477486,37.9357576
"7962","Richmond","GA","Richmond , GA",-82.0842901,33.3205339
"7985","Richmond (City) Bureau Of Police","VA","Richmond (City) Bureau Of Police , VA",-77.4529644,37.5450878
"8013","Riverside","CA","Riverside , CA",-117.3961564,33.9533487
"8041","Riverside County","CA","Riverside County , CA",-117.3961192,33.9532966
"8069","Rochester","MN","Rochester , MN",-92.4801989,44.0121221
"8070","Rochester","NY","Rochester , NY",-77.6109219,43.16103
"8116","Rockford","IL","Rockford , IL",-89.0939952,42.2711311
"8123","Roseville","CA","Roseville , CA",-121.2880059,38.7521235
"8151","Round Rock","TX","Round Rock , TX",-97.678896,30.5082551
"8178","Sacramento","CA","Sacramento , CA",-121.4943996,38.5815719
"8206","Sacramento County","CA","Sacramento County , CA",-121.3541631,38.47467
"8234","Saint Louis County.","MO","Saint Louis County. , MO",-90.4125181,38.6103023
"8252","Salem","OR","Salem , OR",-123.0350963,44.9428975
"8280","Salinas","CA","Salinas , CA",-121.6555013,36.6777372
"8308","Salt Lake City","UT","Salt Lake City , UT",-111.8910474,40.7607793
"8336","Salt Lake County","UT","Salt Lake County , UT",-111.9522491,40.644188
"8348","San Antonio","TX","San Antonio , TX",-98.4936282,29.4241219
"8376","San Bernardino","CA","San Bernardino , CA",-117.2897652,34.1083449
"8401","San Bernardino County","CA","San Bernardino County , CA",-116.419389,34.9592083
"8429","San Diego","CA","San Diego , CA",-117.1610838,32.715738
"8457","San Diego County","CA","San Diego County , CA",-117.1610966,32.7157305
"8485","San Francisco","CA","San Francisco , CA",-122.4194155,37.7749295
"8512","San Joaquin County","CA","San Joaquin County , CA",-121.1710389,37.9175935
"8540","San Jose","CA","San Jose , CA",-121.8863286,37.3382082
"8568","San Luis Obispo County","CA","San Luis Obispo County , CA",-120.4357631,35.3102296
"8596","San Mateo County","CA","San Mateo County , CA",-122.4014193,37.4337342
"8624","Santa Ana","CA","Santa Ana , CA",-117.8678338,33.7455731
"8652","Santa Barbara County","CA","Santa Barbara County , CA",-119.6982057,34.4208321
"8680","Santa Clara","CA","Santa Clara , CA",-121.9552356,37.3541079
"8708","Santa Clarita","CA","Santa Clarita , CA",-118.542586,34.3916641
"8731","Santa Cruz County","CA","Santa Cruz County , CA",-121.9579578,37.0453988
"8759","Santa Maria","CA","Santa Maria , CA",-120.4357191,34.9530337
"8785","Santa Rosa","CA","Santa Rosa , CA",-122.7140548,38.440429
"8813","Santa Rosa County","FL","Santa Rosa County , FL",-86.9824288,30.7689907
"8829","Sarasota County","FL","Sarasota County , FL",-82.345189,27.1995986
"8845","Saratoga County","NY","Saratoga County , NY",-73.9359821,43.0324245
"8873","Savannah","GA","Savannah , GA",-81.0998342,32.0835407
"8897","Scottsdale","AZ","Scottsdale , AZ",-111.9260519,33.4941704
"8924","Seattle","WA","Seattle , WA",-122.3320708,47.6062095
"8952","Seminole County","FL","Seminole County , FL",-81.2078164,28.7131688
"8968","Shelby County","TN","Shelby County , TN",-89.9253233,35.1268552
"8989","Shreveport","LA","Shreveport , LA",-93.7501789,32.5251516
"9017","Simi Valley","CA","Simi Valley , CA",-118.781482,34.2694474
"9045","Sioux Falls","SD","Sioux Falls , SD",-96.7311034,43.5445959
"9073","Snohomish County","WA","Snohomish County , WA",-121.8339472,48.0329979
"9096","Sonoma County","CA","Sonoma County , CA",-122.9888319,38.5779555
"9123","South Bend","IN","South Bend , IN",-86.2519898,41.6763545
"9148","Spartanburg County","SC","Spartanburg County , SC",-81.9534815,34.860551
"9175","Spokane","WA","Spokane , WA",-117.4260466,47.6587802
"9203","Spokane County","WA","Spokane County , WA",-117.4225481,47.658693
"9230","Spotsylvania County","VA","Spotsylvania County , VA",-77.6077865,38.204165
"9258","Springfield","MA","Springfield , MA",-72.589811,42.1014831
"9259","Springfield","MO","Springfield , MO",-93.2922989,37.2089572
"9308","Springfield","IL","Springfield , IL",-89.6501481,39.7817213
"9317","St. Charles County","MO","St. Charles County , MO",-90.8294002,38.7338885
"9345","St. John County","FL","St. John County , FL",-81.4278984,29.9719419
"9360","St. Joseph County","IN","St. Joseph County , IN",-86.3376761,41.6228085
"9388","St. Louis","MO","St. Louis , MO",-90.1994042,38.6270025
"9416","St. Marys County","MD","St. Marys County , MD",-76.7439767,38.4421648
"9444","St. Paul","MN","St. Paul , MN",-93.0899578,44.9537029
"9472","St. Petersburg","FL","St. Petersburg , FL",-82.6267345,27.7518284
"9488","St. Tammany","LA","St. Tammany , LA",-89.9253233,30.4357418
"9516","Stafford County","VA","Stafford County , VA",-77.4242972,38.4334566
"9544","Stamford","CT","Stamford , CT",-73.5387341,41.0534302
"9572","Stanislaus County","CA","Stanislaus County , CA",-120.9876321,37.5090711
"9600","Stark County","OH","Stark County , OH",-81.2518833,40.8684676
"9626","Sterling Heights","MI","Sterling Heights , MI",-83.0302033,42.5803122
"9653","Stockton","CA","Stockton , CA",-121.2907796,37.9577016
"9681","Suffolk County","NY","Suffolk County , NY",-72.6151169,40.9848784
"9691","Sunnyvale","CA","Sunnyvale , CA",-122.0363496,37.36883
"9719","Surprise","AZ","Surprise , AZ",-112.3679279,33.6292337
"9744","Syracuse","NY","Syracuse , NY",-76.1474244,43.0481221
"9772","Tacoma","WA","Tacoma , WA",-122.4442906,47.2528768
"9800","Tallahassee","FL","Tallahassee , FL",-84.2807329,30.4382559
"9816","Tampa","FL","Tampa , FL",-82.4571776,27.950575
"9832","Temecula","CA","Temecula , CA",-117.1483648,33.4936391
"9854","Tempe","AZ","Tempe , AZ",-111.9400054,33.4255104
"9881","Thornton","CO","Thornton , CO",-104.9719243,39.8680412
"9908","Thousand Oaks","CA","Thousand Oaks , CA",-118.8375937,34.1705609
"9935","Thurston County","WA","Thurston County , WA",-122.7695986,46.8645747
"9963","Toledo","OH","Toledo , OH",-83.555212,41.6639383
"9990","Topeka","KS","Topeka , KS",-95.6890185,39.0558235
"10016","Torrance","CA","Torrance , CA",-118.3406288,33.8358492
"10044","Travis County","TX","Travis County , TX",-97.6982272,30.2097015
"10072","Tucson","AZ","Tucson , AZ",-110.926479,32.2217429
"10099","Tulare County","CA","Tulare County , CA",-118.8596804,36.1341739
"10127","Tulsa","OK","Tulsa , OK",-95.992775,36.1539816
"10155","Tyler","TX","Tyler , TX",-95.3010624,32.3512601
"10181","Union County","NC","Union County , NC",-80.543845,34.9338651
"10204","Vallejo","CA","Vallejo , CA",-122.2566367,38.1040864
"10230","Vancouver","WA","Vancouver , WA",-122.6614861,45.6387281
"10258","Ventura","CA","Ventura , CA",-119.2290316,34.274646
"10286","Victorville","CA","Victorville , CA",-117.2927641,34.5362184
"10314","Virginia Beach","VA","Virginia Beach , VA",-75.977985,36.8529263
"10342","Visalia","CA","Visalia , CA",-119.2920585,36.3302284
"10370","Volusia County","FL","Volusia County , FL",-81.0754657,29.0279842
"10386","Waco","TX","Waco , TX",-97.1466695,31.549333
"10414","Wake County","NC","Wake County , NC",-78.5660852,35.8031909
"10441","Warren","MI","Warren , MI",-83.0146526,42.5144566
"10466","Washington","DC","Washington , DC",-77.0368707,38.9071923
"10494","Washington County","MD","Washington County , MD",-77.719993,39.641762
"10495","Washington County","OR","Washington County , OR",-123.1386021,45.5469616
"10548","Washoe County","NV","Washoe County , NV",-119.6035495,40.5608387
"10576","Washtenaw County","MI","Washtenaw County , MI",-83.8473015,42.3076493
"10602","Waterbury","CT","Waterbury , CT",-73.0514965,41.5581525
"10630","West Covina","CA","West Covina , CA",-117.9389526,34.0686208
"10658","West Jordan","UT","West Jordan , UT",-111.9391031,40.6096698
"10686","West Palm Beach","FL","West Palm Beach , FL",-80.0533746,26.7153424
"10702","West Valley","UT","West Valley , UT",-112.0010501,40.6916132
"10727","Westminster","CO","Westminster , CO",-105.0372046,39.8366528
"10749","Wichita","KS","Wichita , KS",-97.330053,37.6871761
"10777","Wichita Falls","TX","Wichita Falls , TX",-98.4933873,33.9137085
"10805","Will County","IL","Will County , IL",-88.0900762,41.5054724
"10808","Williamson County","TX","Williamson County , TX",-97.6982272,30.7591685
"10836","Wilmington","NC","Wilmington , NC",-77.9447102,34.2257255
"10864","Winston-Salem","NC","Winston-Salem , NC",-80.244216,36.0998596
"10891","Woodbridge","NJ","Woodbridge , NJ",-74.2846022,40.5575986
"10919","Worcester","MA","Worcester , MA",-71.8022934,42.2625932
"10944","Wright County","MN","Wright County , MN",-94.0190943,45.1538202
"10963","Yonkers","NY","Yonkers , NY",-73.8987469,40.9312099
"10991","York County","SC","York County , SC",-81.2518833,34.9871367
